{"N":10,"X":[0.16639378038235,0.900424596155062,0.134078195085749,0.131614134181291,0.105287502519786,0.511583581101149,0.300199053948745,0.0267168954014778,0.309647431364283,0.74211965710856],"Y":[8.3603625235804,10.3183486714657,9.02518857065897,9.11665212468928,9.94297797896297,11.0746394000957,11.9480165267638,9.25336347145778,11.9155570602216,9.58431110941415],"psi":1,"B":1}
