{"N":10,"X":[0.456091482425109,0.265186671866104,0.304672203026712,0.50730687007308,0.181096208281815,0.759670635452494,0.201248037628829,0.25880981865339,0.992150417529047,0.807352340314537],"Y":[10.1386491349763,9.51196597002772,9.56249884967704,10.4646625097066,9.30809071514534,8.55939179596805,10.576768201277,8.97893237522266,9.99478320381111,9.07212492223475],"psi":1,"B":0.01}
