{"N":10,"X":[0.86483383201994,0.0418572751805186,0.317182155326009,0.0137499391566962,0.239025726681575,0.706494617275894,0.308094757143408,0.508547565666959,0.0516466193366796,0.564569839974865],"Y":[8.91886412110781,7.82414607856938,8.69072502343257,9.70708113515196,9.55800503226205,11.5201457270147,8.96216675203976,9.19549012282919,9.72454165997621,9.06211690770182],"psi":1,"B":0.1}
