{"N":10,"X":[0.7442772150971,0.915974223753437,0.994598245015368,0.942360715009272,0.486135407583788,0.28345954278484,0.251545701175928,0.503255170769989,0.49696617317386,0.318445809651166],"Y":[19.2198565991144,18.0211345007835,21.3138096295769,20.7531719408751,15.1978268730417,12.8414882662904,12.0599882735979,14.666027774826,15.6179482992417,15.2547289578426],"psi":1,"B":10}
