{"N":10,"X":[0.287577520124614,0.788305135443807,0.4089769218117,0.883017404004931,0.940467284293845,0.0455564993899316,0.528105488047004,0.892419044394046,0.551435014465824,0.456614735303447],"Y":[27.4382273889574,15.3974671953358,-2.24163542425364,4.01448888506967,6.48384758329426,22.2863744737845,14.1262437586206,14.9001335503346,11.658262173917,4.8982033877627],"psi":1}
