{"N":10,"X":[0.113703411305323,0.622299404814839,0.609274732880294,0.623379441676661,0.860915383556858,0.640310605289415,0.0094957563560456,0.232550506014377,0.666083758231252,0.514251141343266],"Y":[10.5061695955689,9.42588233927017,9.45397741894869,9.43617138034839,9.11082308633945,9.52344761085174,9.00162305089665,9.22397865586802,10.0651249010345,10.9600083101121],"psi":1,"B":0.001}
