{"N": 50, "X": [-1.3256891809901683, -0.7007963660249243, -0.9151064505844024, -1.4518884141754276, -1.173580075590561, -0.5045690388708547, -1.7280037730179223, -1.1286737886568532, -0.6202191223883398, -1.2600221206795306, -1.2036658454866163, -1.0284126906810673, -0.5525831121627136, -1.1916705990053953, -1.1331945878938197, -1.1303053826855551, -0.33822097518236327, -0.343964173307864, -0.6987838306363369, -0.8841440802475432, -0.7787894272311273, -0.5527803915547603, -1.2807501605207174, -0.647251286565369, -1.3761642003247037, -1.1913254507360231, -0.7278684412599097, -1.4286042100677907, -1.0420206160566, -1.2585264687579056, -1.076685811159179, -1.8395767316382172, -1.5314599313529542, -1.2099631703793752, -0.7217612704724252, -1.0520907048370647, -0.9991462252309566, -0.7935331866693145, -1.2638609029027155, -0.9149118028578127, -1.2416099554196847, -1.5183008482361822, -1.1172699381265303, -0.8278582412784827, -0.8984232847000595, -1.0035491483436458, -0.2822904202186822, -0.8761263519073663, -0.706379198218796, -0.32855699845061415]}