{"N": 100, "X": [-0.32568918099016836, 0.2992036339750757, 0.08489354941559761, -0.4518884141754276, -0.1735800755905609, 0.4954309611291453, -0.7280037730179222, -0.12867378865685317, 0.3797808776116602, -0.2600221206795305, -0.2036658454866163, -0.028412690681067335, 0.44741688783728634, -0.1916705990053953, -0.13319458789381963, -0.1303053826855552, 0.6617790248176367, 0.656035826692136, 0.30121616936366313, 0.11585591975245679, 0.22121057276887265, 0.44721960844523967, -0.2807501605207174, 0.352748713434631, -0.3761642003247037, -0.19132545073602308, 0.2721315587400904, -0.42860421006779065, -0.042020616056599826, -0.25852646875790564, -0.07668581115917907, -0.8395767316382173, -0.5314599313529541, -0.20996317037937517, 0.2782387295275747, -0.05209070483706474, 0.0008537747690433059, 0.20646681333068548, -0.2638609029027156, 0.0850881971421873, -0.24160995541968472, -0.5183008482361822, -0.11726993812653029, 0.1721417587215173, 0.10157671529994046, -0.003549148343645928, 0.7177095797813178, 0.12387364809263364, 0.293620801781204, 0.6714430015493859, -1.3882255969483746, -1.311636463061486, -0.47688633246312084, -1.2394188205723187, -0.991095030909001, -0.6792052091726954, -0.7327880826120488, -0.4735341454056672, -0.5513067588899592, -0.6791821990882789, -1.2318126142741574, -0.7615411996620346, -0.9057184016479399, -1.3978796379821368, -0.5748102860569443, -0.75782903962643, -0.9863529758106708, -1.0699276182953241, -1.3594903434102361, -0.9401427779324102, -0.8594682641663067, -1.2493464952729838, -0.6513387852701412, -1.3291609139449103, -1.6369301050127325, -0.6880818727321898, -1.1210098114306322, -1.0378088755939046, -1.251255016847516, -1.4817888282152207, -0.6234287875827345, -1.2066606951540764, -0.5017142535556182, -0.7578075441367814, -1.094427444015238, -1.32577072033806, -1.219738596016137, -1.363756939328551, -0.37386599212354443, -0.9506676309310526, -0.6549383372360104, -1.3802056147030681, -0.9456894611208988, -0.6466414183574265, -1.1005032285799048, -0.6906656623234773, -1.32537037360173, -1.4090414633855752, -0.8861798163765592, -1.1137529303717657]}